PatientID,probCOVID,probSevere,age,sex,cv
6,1,0,065Y,M,1
31,1,0,065Y,F,0
45,1,0,065Y,F,1
52,1,0,065Y,M,1
54,1,0,035Y,M,3
55,1,1,085Y,M,0
68,1,0,075Y,M,3
70,1,0,065Y,M,1
74,1,0,075Y,M,3
78,1,0,065Y,F,1
85,1,0,085Y,F,3
97,1,1,065Y,M,3
114,1,0,085Y,M,4
117,1,0,045Y,F,0
119,1,0,055Y,M,4
120,1,1,085Y,M,1
128,1,1,075Y,M,3
174,1,1,055Y,M,3
180,1,0,055Y,F,4
183,1,0,045Y,M,0
191,1,0,045Y,M,0
198,1,0,075Y,M,3
199,1,0,035Y,F,1
204,1,0,085Y,F,4
209,1,0,065Y,F,1
214,1,0,035Y,F,0
217,1,0,085Y,F,0
228,1,0,045Y,M,3
239,1,0,065Y,M,2
263,1,1,055Y,M,4
268,1,0,085Y,F,0
271,1,0,085Y,F,0
290,1,0,075Y,F,1
294,1,0,065Y,M,2
300,1,0,075Y,M,0
305,1,1,055Y,M,2
310,1,0,085Y,F,2
332,1,0,085Y,F,3
337,1,1,065Y,F,3
352,1,1,065Y,F,4
362,1,0,085Y,F,4
364,1,1,085Y,F,1
368,1,0,075Y,M,1
375,1,0,055Y,F,3
403,1,1,075Y,M,4
408,1,0,085Y,F,2
418,1,0,085Y,F,1
424,1,0,075Y,M,2
425,1,0,065Y,F,2
432,1,0,035Y,F,1
438,1,0,075Y,M,2
443,1,0,045Y,F,1
457,1,0,035Y,M,0
458,1,1,065Y,F,4
459,1,1,075Y,M,1
482,1,1,045Y,M,3
492,1,0,075Y,M,1
504,1,0,065Y,M,1
543,1,0,065Y,F,1
547,1,0,075Y,M,4
557,1,0,045Y,F,2
560,1,0,055Y,M,2
564,1,1,085Y,M,2
568,1,0,075Y,F,1
576,1,0,075Y,M,3
582,1,0,085Y,F,1
587,1,0,045Y,M,4
588,1,0,085Y,F,3
589,1,0,065Y,M,2
597,1,0,035Y,F,1
608,1,0,065Y,F,3
620,1,0,085Y,F,1
623,1,0,055Y,M,0
628,1,1,075Y,M,4
633,1,0,075Y,M,4
634,1,1,045Y,M,4
638,1,0,065Y,F,2
657,1,1,075Y,F,1
674,1,1,085Y,F,1
676,1,0,065Y,F,1
684,1,0,055Y,M,4
685,1,0,055Y,M,2
689,1,0,055Y,M,3
692,1,0,055Y,M,2
695,1,0,045Y,F,2
701,1,0,065Y,M,2
705,1,1,085Y,F,3
724,1,0,065Y,F,3
749,1,1,075Y,F,0
750,1,0,065Y,F,3
753,1,0,085Y,M,4
755,1,1,045Y,F,2
771,1,0,065Y,M,1
792,1,0,035Y,M,2
831,1,0,065Y,M,4
836,1,0,085Y,M,3
838,1,0,055Y,F,0
842,1,1,085Y,F,0
848,1,0,055Y,M,3
868,1,0,075Y,M,2
892,1,1,065Y,M,4
902,1,1,065Y,M,1
916,1,0,065Y,M,0
944,1,0,065Y,F,4
947,1,0,045Y,M,4
952,1,1,085Y,F,3
959,1,0,055Y,M,0
976,1,0,055Y,F,4
984,1,1,075Y,F,3
996,1,0,035Y,F,0
1002,1,0,045Y,F,1
1008,1,0,065Y,M,0
1011,1,0,085Y,F,2
1027,1,0,075Y,M,0
1034,1,1,075Y,M,0
1040,1,1,075Y,M,2
1047,1,0,065Y,M,3
1048,1,0,055Y,F,4
1049,1,0,035Y,M,0
1052,1,0,085Y,M,1
1057,1,0,065Y,M,4
1058,1,1,075Y,M,1
1061,1,0,045Y,M,4
1063,1,1,075Y,M,0
1065,1,0,085Y,F,3
1068,1,0,045Y,M,1
1072,1,0,075Y,M,0
1076,1,1,065Y,F,4
1079,1,1,075Y,M,2
1094,1,0,075Y,M,1
1099,1,0,055Y,F,4
1103,1,0,085Y,M,2
1111,1,1,085Y,M,4
1115,1,0,075Y,M,4
1128,1,1,085Y,F,2
1142,1,1,035Y,M,0
1148,1,0,085Y,M,3
1153,1,1,085Y,F,3
1162,1,0,065Y,F,0
1172,1,0,065Y,M,0
1173,1,1,065Y,M,1
1175,1,0,055Y,M,4
1181,1,0,055Y,F,3
1182,1,0,065Y,F,1
1187,1,0,055Y,M,0
1189,1,0,075Y,M,1
1195,1,0,085Y,F,1
1202,1,0,055Y,M,1
1219,1,0,055Y,M,0
1231,1,1,075Y,M,0
1234,1,0,045Y,F,3
1241,1,0,065Y,M,2
1242,1,0,055Y,M,4
1248,1,1,085Y,M,3
1249,1,0,055Y,F,3
1256,1,1,085Y,F,2
1264,1,0,075Y,M,3
1288,1,1,085Y,M,1
1300,1,0,065Y,M,0
1310,1,0,075Y,F,2
1315,1,0,045Y,M,2
1323,1,0,085Y,M,4
1331,1,0,085Y,F,4
1335,1,0,055Y,M,0
1355,1,0,055Y,M,4
1357,1,0,045Y,F,1
1363,1,0,035Y,F,3
1364,1,0,055Y,M,2
1375,1,0,035Y,M,1
1383,1,0,035Y,F,3
1399,1,0,055Y,M,3
1410,1,0,085Y,M,2
1417,1,0,035Y,M,2
1426,1,0,055Y,F,2
1431,1,0,075Y,F,2
1435,1,0,065Y,M,2
1439,1,1,065Y,M,4
1457,1,0,045Y,F,0
1467,1,0,045Y,M,3
1471,1,1,075Y,F,2
1480,1,0,045Y,M,4
1490,1,1,085Y,F,1
1500,1,1,065Y,M,4
1501,1,1,075Y,M,4
1504,1,0,085Y,F,0
1519,1,0,055Y,M,2
1553,1,1,085Y,M,4
1560,1,0,065Y,M,4
1573,1,0,055Y,M,0
1575,1,0,065Y,M,0
1583,1,1,075Y,M,3
1595,1,0,055Y,M,0
1598,1,0,065Y,M,3
1603,1,0,075Y,F,2
1606,1,0,085Y,F,3
1612,1,1,075Y,M,1
1621,1,1,055Y,F,3
1633,1,0,055Y,M,1
1634,1,0,045Y,F,1
1639,1,1,075Y,M,2
1641,1,0,065Y,F,4
1653,1,0,075Y,F,3
1656,1,0,085Y,F,2
1659,1,0,075Y,M,4
1660,1,0,065Y,F,1
1666,1,0,075Y,M,3
1667,1,1,045Y,M,4
1674,1,1,085Y,M,4
1683,1,1,045Y,M,1
1700,1,0,085Y,M,2
1709,1,0,075Y,M,2
1718,1,0,045Y,M,0
1729,1,0,075Y,F,2
1735,1,0,055Y,M,1
1766,1,0,065Y,M,0
1788,1,0,075Y,F,2
1790,1,0,085Y,M,1
1793,1,0,035Y,F,4
1807,1,0,065Y,F,3
1809,1,0,075Y,M,3
1810,1,0,075Y,M,2
1814,1,1,085Y,F,3
1816,1,0,045Y,F,3
1825,1,1,045Y,M,4
1827,1,0,065Y,F,0
1836,1,0,085Y,M,4
1838,1,1,065Y,M,0
1847,1,0,035Y,F,3
1850,1,0,065Y,M,3
1865,1,0,065Y,M,2
1868,1,1,075Y,M,0
1874,1,0,065Y,M,2
1878,1,0,085Y,M,0
1891,1,0,045Y,M,1
1892,1,0,065Y,F,2
1894,1,1,085Y,M,0
1912,1,0,055Y,M,3
1928,1,0,075Y,F,0
1929,1,0,075Y,F,3
1940,1,0,035Y,F,3
1943,1,1,085Y,F,2
1944,1,1,055Y,F,3
1945,1,0,085Y,F,4
1947,1,0,045Y,M,2
1952,1,0,065Y,M,0
1958,1,0,075Y,M,1
1980,1,0,045Y,F,3
1989,1,0,065Y,M,2
1995,1,0,045Y,M,2
2002,1,1,085Y,M,3
2010,1,0,055Y,F,0
2011,1,0,075Y,M,1
2036,1,1,085Y,M,3
2037,1,0,055Y,F,0
2039,1,0,045Y,M,0
2052,1,0,045Y,F,2
2063,1,0,045Y,M,2
2066,1,1,075Y,M,4
2071,1,1,065Y,F,1
2074,1,0,045Y,F,3
2079,1,0,055Y,M,0
2088,1,0,085Y,F,2
2106,1,1,065Y,M,4
2110,1,0,065Y,M,3
2117,1,1,085Y,M,1
2124,1,0,045Y,M,1
2130,1,0,055Y,F,3
2132,1,0,055Y,M,1
2133,1,0,075Y,M,4
2137,1,1,055Y,F,4
2144,1,0,055Y,F,1
2157,1,0,045Y,F,0
2173,1,0,065Y,F,3
2178,1,0,075Y,F,1
2181,1,0,085Y,M,0
2185,1,0,065Y,M,3
2203,1,0,065Y,M,2
2208,1,0,065Y,M,0
2221,1,0,075Y,F,0
2229,1,0,055Y,F,3
2232,1,0,065Y,M,1
2234,1,0,085Y,F,3
2235,1,0,035Y,M,4
2248,1,1,085Y,F,1
2249,1,1,085Y,M,4
2259,1,0,065Y,M,1
2262,1,0,065Y,F,0
2269,1,1,065Y,M,1
2272,1,0,075Y,F,1
2280,1,0,045Y,F,2
2290,1,0,065Y,F,0
2304,1,0,055Y,M,0
2311,1,0,055Y,F,0
2313,1,0,055Y,F,2
2315,1,0,035Y,M,1
2335,1,0,065Y,M,3
2347,1,0,045Y,F,1
2353,1,0,075Y,F,1
2354,1,0,075Y,F,4
2355,1,0,085Y,M,3
2364,1,0,045Y,M,2
2371,1,0,065Y,F,1
2384,1,0,055Y,M,4
2394,1,0,065Y,M,4
2417,1,0,085Y,F,4
2418,1,0,045Y,M,1
2425,1,0,055Y,M,3
2429,1,1,065Y,M,3
2445,1,0,065Y,M,2
2452,1,0,055Y,F,4
2459,1,0,045Y,F,4
2469,1,0,085Y,F,4
2477,1,0,085Y,F,2
2496,1,1,065Y,M,3
2511,1,0,055Y,M,1
2514,1,0,065Y,M,0
2516,1,1,045Y,M,1
2529,1,0,085Y,F,4
2548,1,0,035Y,F,4
2550,1,1,085Y,M,1
2558,1,0,055Y,F,1
2574,1,0,055Y,F,4
2587,1,1,055Y,F,2
2607,1,1,065Y,M,4
2623,1,0,045Y,F,0
2631,1,0,055Y,F,2
2632,1,0,055Y,M,2
2638,1,1,075Y,M,1
2641,1,1,085Y,M,1
2651,1,0,065Y,M,4
2656,1,1,085Y,F,4
2674,1,1,065Y,F,0
2677,1,0,035Y,M,0
2699,1,0,075Y,F,0
2700,1,0,055Y,M,3
2701,1,0,065Y,M,4
2706,1,0,065Y,M,2
2740,1,0,075Y,M,0
2756,1,0,055Y,M,2
2761,1,0,085Y,F,4
2765,1,0,045Y,M,3
2791,1,0,055Y,M,4
2797,1,0,035Y,F,4
2802,1,0,085Y,F,3
2829,1,0,085Y,F,4
2850,1,0,085Y,M,1
2896,1,0,065Y,F,0
2907,1,0,075Y,M,1
2908,1,0,075Y,F,1
2910,1,0,065Y,M,4
2916,1,0,075Y,M,2
2922,1,0,035Y,F,4
2924,1,0,065Y,M,4
2932,1,0,055Y,F,4
2934,1,0,055Y,M,0
2937,1,1,075Y,F,0
2945,1,0,035Y,F,4
2957,1,1,055Y,M,3
2973,1,0,045Y,M,4
2993,1,0,055Y,M,0
2996,1,0,065Y,F,0
3009,1,0,075Y,M,4
3011,1,0,045Y,F,4
3020,1,0,065Y,F,2
3022,1,1,065Y,M,1
3028,1,1,085Y,M,1
3031,1,0,045Y,M,3
3034,1,0,075Y,M,0
3046,1,0,065Y,F,1
3053,1,1,055Y,M,0
3056,1,1,055Y,M,3
3061,1,0,085Y,M,1
3077,1,0,045Y,M,1
3084,1,0,045Y,M,1
3090,1,0,065Y,M,4
3091,1,1,085Y,M,0
3108,1,0,085Y,F,4
3113,1,1,055Y,M,2
3116,1,0,075Y,M,2
3131,1,1,065Y,M,1
3137,1,0,075Y,M,2
3149,1,0,085Y,F,0
3151,1,0,045Y,F,0
3152,1,1,065Y,M,1
3157,1,1,055Y,M,3
3174,1,1,085Y,M,1
3188,1,1,045Y,M,4
3189,1,0,035Y,M,3
3201,1,0,085Y,M,1
3206,1,0,075Y,F,3
3207,1,1,075Y,M,2
3216,1,0,055Y,M,1
3227,1,0,065Y,M,3
3234,1,0,055Y,F,4
3235,1,0,065Y,F,0
3236,1,0,065Y,M,1
3240,1,0,085Y,F,2
3244,1,0,055Y,F,3
3246,1,0,085Y,M,0
3255,1,0,075Y,M,1
3260,1,0,065Y,M,0
3261,1,1,075Y,M,1
3274,1,1,085Y,M,2
3275,1,0,065Y,F,4
3300,1,0,045Y,F,1
3301,1,1,065Y,F,2
3303,1,0,055Y,M,3
3327,1,0,075Y,M,1
3365,1,0,085Y,F,2
3375,1,0,075Y,M,3
3376,1,0,045Y,M,0
3386,1,0,075Y,F,2
3395,1,0,075Y,F,0
3399,1,0,065Y,M,3
3418,1,1,085Y,M,2
3422,1,1,045Y,M,0
3434,1,0,055Y,M,0
3441,1,1,075Y,M,2
3443,1,1,085Y,F,2
3448,1,0,085Y,M,1
3450,1,0,045Y,F,2
3490,1,1,065Y,F,3
3507,1,1,045Y,M,0
3510,1,0,085Y,F,4
3523,1,0,045Y,M,3
3530,1,0,035Y,F,3
3537,1,0,075Y,M,0
3547,1,0,085Y,M,4
3552,1,1,065Y,M,1
3558,1,0,065Y,F,3
3560,1,1,055Y,M,3
3564,1,1,045Y,F,4
3565,1,0,045Y,F,2
3575,1,0,085Y,F,4
3579,1,1,065Y,F,4
3581,1,0,075Y,M,0
3617,1,0,045Y,M,2
3627,1,1,085Y,M,1
3637,1,0,075Y,M,0
3649,1,0,045Y,M,0
3660,1,0,085Y,M,4
3674,1,1,075Y,M,2
3699,1,0,075Y,M,2
3717,1,0,065Y,F,4
3719,1,1,075Y,F,3
3728,1,0,035Y,F,1
3729,1,0,055Y,M,4
3732,1,0,055Y,M,0
3742,1,0,035Y,M,3
3758,1,1,055Y,M,1
3759,1,0,035Y,M,4
3768,1,0,085Y,F,1
3775,1,0,085Y,F,1
3788,1,0,065Y,M,4
3801,1,0,045Y,M,3
3817,1,0,045Y,M,0
3819,1,0,035Y,F,0
3826,1,0,075Y,F,2
3841,1,0,035Y,F,2
3858,1,1,065Y,M,3
3862,1,0,035Y,F,2
3871,1,0,085Y,F,3
3876,1,0,065Y,F,3
3890,1,0,045Y,M,3
3918,1,0,045Y,M,0
3920,1,1,075Y,M,4
3925,1,0,065Y,M,1
3970,1,0,085Y,M,4
3971,1,0,075Y,F,0
3978,1,0,085Y,M,3
3992,1,1,085Y,M,0
3993,1,0,085Y,F,3
4005,1,0,045Y,M,4
4008,1,0,055Y,M,4
4015,1,1,065Y,F,2
4022,1,1,075Y,M,2
4034,1,0,075Y,M,2
4036,1,1,065Y,F,3
4042,1,1,075Y,M,4
4049,1,1,055Y,M,0
4050,1,1,055Y,M,1
4054,1,1,085Y,F,1
4055,1,0,045Y,M,4
4058,1,0,065Y,M,3
4059,1,0,045Y,F,3
4088,1,1,085Y,F,2
4094,1,1,045Y,M,3
4103,1,0,035Y,F,4
4111,1,0,085Y,M,4
4133,1,0,055Y,M,0
4134,1,0,055Y,F,2
4142,1,0,085Y,M,4
4145,1,1,055Y,M,4
4155,1,0,075Y,M,1
4168,1,0,035Y,F,2
4173,1,0,055Y,M,1
4182,1,0,045Y,F,2
4189,1,1,085Y,M,2
4203,1,1,065Y,F,1
4211,1,0,075Y,F,0
4213,1,0,055Y,F,1
4215,1,1,075Y,F,4
4225,1,0,045Y,F,4
4235,1,0,085Y,M,2
4247,1,1,085Y,F,0
4254,1,1,075Y,M,2
4263,1,0,055Y,M,3
4266,1,0,045Y,F,2
4269,1,0,075Y,M,0
4272,1,1,065Y,F,1
4278,1,0,085Y,M,1
4280,1,0,045Y,F,4
4288,1,1,085Y,F,1
4295,1,0,075Y,M,1
4298,1,0,035Y,M,3
4333,1,0,075Y,M,3
4339,1,0,075Y,F,3
4351,1,0,055Y,M,2
4367,1,0,055Y,F,2
4369,1,1,075Y,M,3
4386,1,0,055Y,F,0
4393,1,0,075Y,F,3
4410,1,0,035Y,M,3
4425,1,0,055Y,M,1
4427,1,0,065Y,M,0
4428,1,0,065Y,M,3
4453,1,0,065Y,M,3
4454,1,1,065Y,M,0
4460,1,0,085Y,F,0
4461,1,0,085Y,M,0
4493,1,0,055Y,M,4
4509,1,0,065Y,M,1
4516,1,1,065Y,M,0
4539,1,0,065Y,M,3
4556,1,0,085Y,M,4
4563,1,0,055Y,F,1
4577,1,0,035Y,F,0
4579,1,0,085Y,M,1
4585,1,0,065Y,M,0
4586,1,0,065Y,M,1
4593,1,0,035Y,M,1
4594,1,0,075Y,M,2
4601,1,0,055Y,F,3
4602,1,0,045Y,M,4
4606,1,0,075Y,M,4
4608,1,0,085Y,M,1
4617,1,1,075Y,M,0
4625,1,0,055Y,M,0
4645,1,0,055Y,M,2
4651,1,0,055Y,M,0
4669,1,0,035Y,M,1
4676,1,1,065Y,M,0
4686,1,0,055Y,M,1
4741,1,0,055Y,M,1
4747,1,1,085Y,F,2
4749,1,0,075Y,M,2
4754,1,0,065Y,M,0
4760,1,0,065Y,M,2
4765,1,1,045Y,M,0
4767,1,0,075Y,M,4
4772,1,1,065Y,M,4
4776,1,0,055Y,F,4
4779,1,0,065Y,M,0
4794,1,1,055Y,F,2
4807,1,0,055Y,F,4
4811,1,0,085Y,F,3
4812,1,1,085Y,M,3
4821,1,0,075Y,F,2
4831,1,0,035Y,M,1
4836,1,0,045Y,F,0
4839,1,0,085Y,M,4
4841,1,0,055Y,F,1
4852,1,0,055Y,M,3
4858,1,0,045Y,M,2
4864,1,0,065Y,M,1
4871,1,0,035Y,M,4
4880,1,0,065Y,F,3
4885,1,0,055Y,F,1
4893,1,0,055Y,F,0
4894,1,0,035Y,F,3
4903,1,1,075Y,M,2
4910,1,0,045Y,F,0
4913,1,1,075Y,M,2
4914,1,0,055Y,F,0
4976,1,0,055Y,F,4
4981,1,0,065Y,M,1
4988,1,0,055Y,M,0
5002,1,0,035Y,M,4
5004,1,1,055Y,M,2
5034,1,0,055Y,F,2
5039,1,0,065Y,M,4
5053,1,1,085Y,F,0
5062,1,0,035Y,F,3
5072,1,1,085Y,M,3
5087,1,0,065Y,M,1
5090,1,0,065Y,M,2
5101,1,0,055Y,M,3
5114,1,0,045Y,F,2
5128,1,0,055Y,F,0
5142,1,1,065Y,M,2
5146,1,0,065Y,F,3
5147,1,1,085Y,F,0
5157,1,0,035Y,M,1
5158,1,0,045Y,F,2
5162,1,0,055Y,M,0
5171,1,0,035Y,M,4
5174,1,0,085Y,M,1
5183,1,0,055Y,M,1
5187,1,0,035Y,F,0
5198,1,1,075Y,M,4
5220,1,0,055Y,F,3
5229,1,0,085Y,F,1
5234,1,1,075Y,M,0
5250,1,1,065Y,M,1
5252,1,1,075Y,M,0
5274,1,0,045Y,F,1
5279,1,1,065Y,F,2
5280,1,0,075Y,M,4
5301,1,1,075Y,M,2
5311,1,1,075Y,M,3
5321,1,0,075Y,M,0
5347,1,0,075Y,M,1
5351,1,0,045Y,M,3
5353,1,0,075Y,F,0
5359,1,0,075Y,F,4
5362,1,1,085Y,M,0
5369,1,1,075Y,F,1
5370,1,0,055Y,M,0
5390,1,0,085Y,F,3
5397,1,0,045Y,F,2
5403,1,0,055Y,M,0
5407,1,0,055Y,M,2
5419,1,0,085Y,M,0
5431,1,0,085Y,F,1
5445,1,0,085Y,M,2
5449,1,0,065Y,M,1
5450,1,0,085Y,M,1
5455,1,0,045Y,M,2
5457,1,0,055Y,M,0
5478,1,0,035Y,F,4
5486,1,0,035Y,F,0
5491,1,0,055Y,M,4
5513,1,1,065Y,M,1
5537,1,1,065Y,M,0
5541,1,0,045Y,F,3
5542,1,0,055Y,M,3
5556,1,0,065Y,F,4
5564,1,1,085Y,M,4
5569,1,0,055Y,M,4
5595,1,0,065Y,F,4
5600,1,1,085Y,M,4
5601,1,0,075Y,F,0
5609,1,0,085Y,F,4
5610,1,0,085Y,F,1
5612,1,0,055Y,M,3
5617,1,1,045Y,M,1
5623,1,0,085Y,M,2
5628,1,0,055Y,M,1
5631,1,0,035Y,F,3
5640,1,0,075Y,F,4
5647,1,0,065Y,F,1
5650,1,0,085Y,F,3
5658,1,0,085Y,M,3
5662,1,0,045Y,M,4
5665,1,0,085Y,F,1
5670,1,0,035Y,M,3
5689,1,0,045Y,F,4
5709,1,0,085Y,M,4
5716,1,0,075Y,F,2
5724,1,1,085Y,M,1
5731,1,1,075Y,M,3
5734,1,0,055Y,F,3
5745,1,0,075Y,M,0
5746,1,0,065Y,M,4
5762,1,0,035Y,M,2
5765,1,0,065Y,F,4
5779,1,1,075Y,M,0
5783,1,0,035Y,M,1
5786,1,0,085Y,M,3
5804,1,1,065Y,F,4
5808,1,1,065Y,F,1
5812,1,1,085Y,F,3
5818,1,1,075Y,M,2
5820,1,0,035Y,F,3
5836,1,0,065Y,M,4
5841,1,0,075Y,M,2
5848,1,0,075Y,F,4
5862,1,1,035Y,M,3
5867,1,0,055Y,M,3
5870,1,0,045Y,F,0
5874,1,0,055Y,M,1
5888,1,0,065Y,M,2
5910,1,0,055Y,F,2
5927,1,1,085Y,F,2
5944,1,1,065Y,M,4
5945,1,0,085Y,F,3
5947,1,0,055Y,M,3
5954,1,1,085Y,M,2
5955,1,1,085Y,F,0
5959,1,0,085Y,M,0
5977,1,0,075Y,M,1
5992,1,0,085Y,M,2
5993,1,0,055Y,F,2
6013,1,0,065Y,F,3
6016,1,0,065Y,M,4
6019,1,0,085Y,M,1
6033,1,1,065Y,M,4
6035,1,1,035Y,F,2
6041,1,0,035Y,M,4
6050,1,0,065Y,F,4
6058,1,0,065Y,M,1
6071,1,1,055Y,M,1
6077,1,0,065Y,M,1
6084,1,1,075Y,M,3
6090,1,1,085Y,F,0
6111,1,0,055Y,F,0
6112,1,1,055Y,M,4
6124,1,1,065Y,M,0
6126,1,1,085Y,M,3
6145,1,0,065Y,M,2
6148,1,1,035Y,M,0
6159,1,0,055Y,F,4
6178,1,0,055Y,M,4
6184,1,0,075Y,F,0
6185,1,1,075Y,F,1
6201,1,1,035Y,M,1
6206,1,0,065Y,M,0
6213,1,0,085Y,F,3
6227,1,0,055Y,F,4
6229,1,0,065Y,F,4
6232,1,0,065Y,F,1
6236,1,1,075Y,M,4
6254,1,0,065Y,M,0
6257,1,0,075Y,F,2
6266,1,0,085Y,F,3
6272,1,1,065Y,F,3
6283,1,0,055Y,M,4
6291,1,0,065Y,M,3
6303,1,1,045Y,F,0
6306,1,0,055Y,M,2
6324,1,0,035Y,M,0
6328,1,0,055Y,M,4
6340,1,0,075Y,F,0
6344,1,0,035Y,M,2
6346,1,0,045Y,M,2
6362,1,0,065Y,F,0
6366,1,0,055Y,M,4
6374,1,0,075Y,F,4
6379,1,1,055Y,F,3
6387,1,0,085Y,M,2
6395,1,0,055Y,M,0
6416,1,0,075Y,M,2
6419,1,1,085Y,M,3
6426,1,0,035Y,M,2
6429,1,0,065Y,F,3
6433,1,1,065Y,M,3
6435,1,0,045Y,M,3
6443,1,0,085Y,M,2
6446,1,0,055Y,M,2
6452,1,1,075Y,F,0
6466,1,1,035Y,F,1
6472,1,0,085Y,F,2
6496,1,0,055Y,M,3
6517,1,0,065Y,M,4
6531,1,0,065Y,M,0
6533,1,0,075Y,M,1
6566,1,0,085Y,F,2
6575,1,0,035Y,F,0
6589,1,1,065Y,M,2
6598,1,1,085Y,M,1
6601,1,0,065Y,F,0
6605,1,0,065Y,M,0
6619,1,1,075Y,M,1
6624,1,1,085Y,M,3
6631,1,1,085Y,M,2
6636,1,0,065Y,M,4
6646,1,1,065Y,M,3
6651,1,0,065Y,M,3
6662,1,0,075Y,F,1
6665,1,0,035Y,F,4
6670,1,1,065Y,M,3
6671,1,0,065Y,M,4
6679,1,0,055Y,M,0
6688,1,0,035Y,F,1
6697,1,0,055Y,F,4
6706,1,1,065Y,M,0
6713,1,1,055Y,M,0
6715,1,0,075Y,M,4
6728,1,0,085Y,F,2
6729,1,1,045Y,F,2
6745,1,0,065Y,M,3
6755,1,0,065Y,F,1
6756,1,0,045Y,F,0
6765,1,1,065Y,M,1
6766,1,0,085Y,F,1
6775,1,1,085Y,F,4
6781,1,0,075Y,M,3
6792,1,0,045Y,M,3
6833,1,0,065Y,M,2
6842,1,0,045Y,M,0
6844,1,0,035Y,F,4
6853,1,0,065Y,M,1
6871,1,0,055Y,F,2
6878,1,1,085Y,F,2
6889,1,0,055Y,M,2
6902,1,1,085Y,M,1
6909,1,0,085Y,M,4
6947,1,0,035Y,F,1
6958,1,0,045Y,M,0
6965,1,0,085Y,M,2
6966,1,0,065Y,F,3
6979,1,0,085Y,M,3
6981,1,0,085Y,F,2
6986,1,1,075Y,F,4
6990,1,0,065Y,M,3
6999,1,0,085Y,F,2
7002,1,0,045Y,F,3
7004,1,1,055Y,M,2
7017,1,1,065Y,M,0
7024,1,1,045Y,M,3
7026,1,0,045Y,M,4
7035,1,0,075Y,M,3
7053,1,0,055Y,F,3
7065,1,0,065Y,F,4
7066,1,1,055Y,F,0
7077,1,0,085Y,M,4
7081,1,0,075Y,F,3
7090,1,1,075Y,M,3
7103,1,0,045Y,F,4
7121,1,0,055Y,M,1
7136,1,1,065Y,M,2
7141,1,0,055Y,F,0
7158,1,0,065Y,F,4
7160,1,0,085Y,M,3
7165,1,0,075Y,M,4
7169,1,0,045Y,F,0
7174,1,0,065Y,M,3
7178,1,0,045Y,M,1
7194,1,0,055Y,M,0
7197,1,0,035Y,F,2
7198,1,0,085Y,M,2
7217,1,0,035Y,M,0
7238,1,1,045Y,M,4
7255,1,0,075Y,F,1
7260,1,0,065Y,M,1
7293,1,0,065Y,F,2
7305,1,1,075Y,M,4
7306,1,0,065Y,M,2
7320,1,0,045Y,F,1
7324,1,1,055Y,M,4
7333,1,1,065Y,F,0
7342,1,1,075Y,M,2
7349,1,0,045Y,F,4
7376,1,0,045Y,F,0
7382,1,0,055Y,M,4
7407,1,1,075Y,F,0
7410,1,0,065Y,M,4
7412,1,0,065Y,M,1
7429,1,0,055Y,F,3
7434,1,0,035Y,M,4
7448,1,0,065Y,M,0
7464,1,0,075Y,M,3
7470,1,1,075Y,F,0
7480,1,0,085Y,F,0
7484,1,1,085Y,F,4
7488,1,0,065Y,M,2
7500,1,1,055Y,M,3
7501,1,0,055Y,M,2
7503,1,0,075Y,M,0
7516,1,1,085Y,M,1
7517,1,1,085Y,F,1
7531,1,0,055Y,M,1
7563,1,0,065Y,F,0
7582,1,0,075Y,M,4
7611,1,0,055Y,F,0
7614,1,0,075Y,M,2
7615,1,0,055Y,M,3
7634,1,0,085Y,F,3
7638,1,0,065Y,F,2
7648,1,1,035Y,M,1
7652,1,0,035Y,F,0
7653,1,0,035Y,F,2
7655,1,0,045Y,M,3
7656,1,0,065Y,F,0
7663,1,1,085Y,F,0
7669,1,1,035Y,M,0
7673,1,1,045Y,M,3
7688,1,0,085Y,M,3
7689,1,0,065Y,M,0
7696,1,0,085Y,F,2
7702,1,0,055Y,F,1
7716,1,0,035Y,M,2
7718,1,1,035Y,M,0
7730,1,1,055Y,F,4
7741,1,0,035Y,M,2
7749,1,1,075Y,M,0
7758,1,0,065Y,M,1
7777,1,0,045Y,M,4
7782,1,0,065Y,F,3
7792,1,0,045Y,F,2
7802,1,1,045Y,M,0
7803,1,1,065Y,M,2
7805,1,1,055Y,F,4
7814,1,0,085Y,M,3
7828,1,0,035Y,M,0
7831,1,0,065Y,M,3
7840,1,0,045Y,F,1
7842,1,0,055Y,M,3
7843,1,0,065Y,M,3
7866,1,0,055Y,M,2
7867,1,0,085Y,F,2
7885,1,0,085Y,F,0
7886,1,0,075Y,F,2
7888,1,0,065Y,M,2
7893,1,0,055Y,M,2
7901,1,0,075Y,F,4
7903,1,0,045Y,F,2
7904,1,0,055Y,M,1
7915,1,0,085Y,F,0
7918,1,1,085Y,M,2
7924,1,0,075Y,M,0
7940,1,0,045Y,M,3
7947,1,1,085Y,F,4
7959,1,0,085Y,F,0
7981,1,0,045Y,M,4
7982,1,0,065Y,M,1
8018,1,0,045Y,F,2
8028,1,0,055Y,M,4
8056,1,1,085Y,M,2
8072,1,0,055Y,M,2
8081,1,0,085Y,F,1
8085,1,0,045Y,F,1
8090,1,0,065Y,M,4
8093,1,1,085Y,M,0
8094,1,0,055Y,M,1
8105,1,1,085Y,M,2
8109,1,1,085Y,F,4
8112,1,1,065Y,M,4
8113,1,0,075Y,F,2
8130,1,0,035Y,F,1
8137,1,0,045Y,M,3
8142,1,0,085Y,F,1
8145,1,0,065Y,M,1
8147,1,0,065Y,M,0
8152,1,0,085Y,M,1
8156,1,0,055Y,F,0
8158,1,1,065Y,F,4
8164,1,0,065Y,M,3
8170,1,0,055Y,F,4
8180,1,0,065Y,F,2
8188,1,1,055Y,M,3
8189,1,0,085Y,M,4
8190,1,0,045Y,F,0
8194,1,0,045Y,F,4
8198,1,0,035Y,F,2
8202,1,1,065Y,M,2
8222,1,0,075Y,M,3
8227,1,0,055Y,M,1
8228,1,0,075Y,F,1
8256,1,0,085Y,M,0
8263,1,0,065Y,F,2
8281,1,0,075Y,F,4
8290,1,0,075Y,M,0
8303,1,0,075Y,M,2
8318,1,0,075Y,M,2
8325,1,0,035Y,M,1
8338,1,0,045Y,M,3
8348,1,0,065Y,M,1
8350,1,1,085Y,F,3
8364,1,1,075Y,M,1
8366,1,0,035Y,M,2
8389,1,0,075Y,F,2
8401,1,0,055Y,F,3
8416,1,0,085Y,M,2
8417,1,0,055Y,F,3
8426,1,1,065Y,M,4
8429,1,0,055Y,M,4
8432,1,0,055Y,M,2
8439,1,0,075Y,M,2
8440,1,1,065Y,M,4
8442,1,0,045Y,M,1
8449,1,0,075Y,F,3
8467,1,1,055Y,M,2
8483,1,0,065Y,M,3
8500,1,0,055Y,M,2
8511,1,0,035Y,M,3
8521,1,0,055Y,M,0
8529,1,0,075Y,M,4
8530,1,1,065Y,M,4
8540,1,0,075Y,M,4
8541,1,0,055Y,F,4
8551,1,0,065Y,F,2
8560,1,0,035Y,M,2
8568,1,0,055Y,M,0
8576,1,1,045Y,M,0
8577,1,0,065Y,M,3
8582,1,1,085Y,F,1
8607,1,0,085Y,M,1
8617,1,1,075Y,F,4
8622,1,0,055Y,F,1
8670,1,0,085Y,F,1
8673,1,0,085Y,M,2
8675,1,0,055Y,M,4
8699,1,1,075Y,M,1
8724,1,1,075Y,F,2
8734,1,0,075Y,M,0
8752,1,0,045Y,M,4
8757,1,0,075Y,M,1
8765,1,0,045Y,F,3
8780,1,0,045Y,M,4
8788,1,0,085Y,M,2
8804,1,0,065Y,M,2
8813,1,0,085Y,M,3
8828,1,0,045Y,M,1
8837,1,0,035Y,F,1
8839,1,1,085Y,F,0
8845,1,0,065Y,M,4
8853,1,0,075Y,M,2
8868,1,0,085Y,F,3
8889,1,0,065Y,F,0
8892,1,0,075Y,M,3
8907,1,1,075Y,F,0
8928,1,0,065Y,M,3
8932,1,0,085Y,F,4
8945,1,1,045Y,M,2
8948,1,1,085Y,M,1
8949,1,1,055Y,M,0
8950,1,0,085Y,M,1
8952,1,0,045Y,M,1
8974,1,0,035Y,F,1
8977,1,1,085Y,M,2
8996,1,0,065Y,M,4
8998,1,0,065Y,F,1
9001,1,0,085Y,F,3
9002,1,0,065Y,M,0
9003,1,0,065Y,M,2
9023,1,0,055Y,F,4
9043,1,0,065Y,F,4
9058,1,0,065Y,F,3
9071,1,0,065Y,M,2
9098,1,1,065Y,M,1
9102,1,1,085Y,M,0
9113,1,0,085Y,F,2
9141,1,0,055Y,M,4
9165,1,0,085Y,F,2
9168,1,0,075Y,M,0
9176,1,0,085Y,F,3
9180,1,0,075Y,F,1
9195,1,0,065Y,M,0
9201,1,1,085Y,M,3
9205,1,0,045Y,F,0
9210,1,0,055Y,M,4
9211,1,0,065Y,F,3
9220,1,1,075Y,M,4
9223,1,0,065Y,F,2
9228,1,0,055Y,M,3
9252,1,1,065Y,M,4
9267,1,0,045Y,F,3
9272,1,0,035Y,F,2
9285,1,0,035Y,M,4
9304,1,0,035Y,M,0
9313,1,1,075Y,F,3
9318,1,0,075Y,M,3
9320,1,0,055Y,F,0
9329,1,0,065Y,M,2
9337,1,0,075Y,M,3
9348,1,1,065Y,M,3
9354,1,1,055Y,M,2
9360,1,0,065Y,M,1
9383,1,0,065Y,M,2
9387,1,0,075Y,M,3
9403,1,1,085Y,M,4
9420,1,0,045Y,M,1
9421,1,0,045Y,F,1
9433,1,0,065Y,M,1
9448,1,0,065Y,M,3
9450,1,0,055Y,M,0
9473,1,0,035Y,F,4
9476,1,1,085Y,F,1
9480,1,0,035Y,F,2
9497,1,0,055Y,F,1
9498,1,0,045Y,M,3
9520,1,0,065Y,M,0
9533,1,0,085Y,F,1
9543,1,0,045Y,M,4
9562,1,1,055Y,M,2
9572,1,1,085Y,M,2
9582,1,0,055Y,F,1
9586,1,0,045Y,M,4
9621,1,1,065Y,M,2
9626,1,1,085Y,M,3
9630,1,0,035Y,M,1
9641,1,0,075Y,M,3
9645,1,0,035Y,F,2
9650,1,1,075Y,M,3
9658,1,0,065Y,M,1
9661,1,0,065Y,F,2
9670,1,1,045Y,M,3
9673,1,0,085Y,M,2
9676,1,0,055Y,F,2
9678,1,0,085Y,F,4
9706,1,0,075Y,M,3
9709,1,1,055Y,M,2
9724,1,0,085Y,F,4
9728,1,0,075Y,F,1
9732,1,0,075Y,F,4
9733,1,0,055Y,M,1
9752,1,0,075Y,M,0
9754,1,0,055Y,M,0
9755,1,0,045Y,M,4
9758,1,0,055Y,F,0
9759,1,0,065Y,F,0
9766,1,0,075Y,F,3
9770,1,0,075Y,M,3
9776,1,0,075Y,F,1
9783,1,1,055Y,M,0
9788,1,0,075Y,M,0
9801,1,1,085Y,M,0
9844,1,0,085Y,F,2
9849,1,0,065Y,M,4
9853,1,1,085Y,M,2
9857,1,0,085Y,F,1
9862,1,0,075Y,M,4
9887,1,0,065Y,F,1
9888,1,0,045Y,F,2
9899,1,0,065Y,F,4
9909,1,0,075Y,M,0
9918,1,0,055Y,F,2
9933,1,0,035Y,F,0
9934,1,0,075Y,M,0
9937,1,0,055Y,F,0
9948,1,1,065Y,M,2
9978,1,0,055Y,M,3
10011,1,0,055Y,M,3
10032,1,0,075Y,M,4
10058,1,0,085Y,M,4
10064,1,1,065Y,M,4
10072,1,0,035Y,M,3
10074,1,0,045Y,F,0
10085,1,0,055Y,F,0
10126,1,1,075Y,M,0
10131,1,0,055Y,F,3
10134,1,0,055Y,F,0
10147,1,0,085Y,M,0
10155,1,0,055Y,F,4
10164,1,0,075Y,M,4
10169,1,0,075Y,M,1
10175,1,0,055Y,M,4
10221,1,0,055Y,F,4
10225,1,0,055Y,F,1
10226,1,1,075Y,M,2
10239,1,1,045Y,M,0
10248,1,0,065Y,F,1
10254,1,0,035Y,M,2
10261,1,0,065Y,M,2
10273,1,0,045Y,F,0
10276,1,1,075Y,M,1
10277,1,0,055Y,F,4
10282,1,0,085Y,F,3
10285,1,0,055Y,F,1
10288,1,0,075Y,M,2
10292,1,0,065Y,M,1
10334,1,0,075Y,M,1
10338,1,1,085Y,F,4
10341,1,0,065Y,M,3
10351,1,0,065Y,F,0
10364,1,1,075Y,F,2
10383,1,0,075Y,M,0
10388,1,0,085Y,F,4
10389,1,0,065Y,M,1
10397,1,0,055Y,F,3
10403,1,1,075Y,M,1
10418,1,1,075Y,M,3
10429,1,0,085Y,F,4
10435,1,0,085Y,F,1
10456,1,0,085Y,M,2
10471,1,0,055Y,F,4
10480,1,0,065Y,M,0
10484,1,1,065Y,F,1
10486,1,0,075Y,M,2
10502,1,0,035Y,M,2
10507,1,0,075Y,F,3
10516,1,1,045Y,M,4
10522,1,0,075Y,F,1
10529,1,1,055Y,M,0
10531,1,0,085Y,F,2
10569,1,1,075Y,M,3
10570,1,0,045Y,M,3
10571,1,0,035Y,M,0
10573,1,0,045Y,M,1
10577,1,1,075Y,F,3
10582,1,0,085Y,F,1
10583,1,0,065Y,F,4
10591,1,1,075Y,F,3
10593,1,0,045Y,M,0
10595,1,0,055Y,F,0
10616,1,0,055Y,M,3
10620,1,0,085Y,M,1
10621,1,0,065Y,F,3
10650,1,0,085Y,M,2
10653,1,0,045Y,M,0
10657,1,0,045Y,M,0
10694,1,1,085Y,M,3
10707,1,0,085Y,F,0
10714,1,0,055Y,M,3
